{
  "n_linhas_dataset": 2020,
  "n_features": 14,
  "cv_roc_auc": {
    "random_forest": {
      "mean": 0.9476028953286868,
      "std": 0.014674640251202565,
      "folds": [
        0.9454475308641975,
        0.9482852265673494,
        0.9219040968342644,
        0.9566045066045066,
        0.9657731157731158
      ]
    },
    "xgboost": {
      "mean": 0.939106306825115,
      "std": 0.016587784504032366,
      "folds": [
        0.9429012345679012,
        0.9294304779639975,
        0.9121275605214152,
        0.9554390054390055,
        0.9556332556332556
      ]
    }
  },
  "teste": [
    {
      "modelo": "random_forest",
      "roc_auc": 0.9320436507936508,
      "f1": 0.8268156424581006,
      "precision": 0.8314606741573034,
      "recall": 0.8222222222222222,
      "confusion_matrix": [
        [
          194,
          30
        ],
        [
          32,
          148
        ]
      ]
    },
    {
      "modelo": "xgboost",
      "roc_auc": 0.921453373015873,
      "f1": 0.8176795580110497,
      "precision": 0.8131868131868132,
      "recall": 0.8222222222222222,
      "confusion_matrix": [
        [
          190,
          34
        ],
        [
          32,
          148
        ]
      ]
    }
  ],
  "melhor_modelo": "random_forest"
}