{
  "n_linhas_dataset": 1500,
  "n_features": 14,
  "cv_roc_auc": {
    "random_forest": {
      "mean": 0.8381281234200124,
      "std": 0.024545587791181708,
      "folds": [
        0.8555848846901917,
        0.8376632397888302,
        0.791539316476799,
        0.8599611003056404,
        0.8458920758385999
      ]
    },
    "xgboost": {
      "mean": 0.8201104247209597,
      "std": 0.02278662161126353,
      "folds": [
        0.8280077799388719,
        0.824812447902195,
        0.7802167268685746,
        0.850305640455682,
        0.817209528439475
      ]
    }
  },
  "teste": [
    {
      "modelo": "random_forest",
      "roc_auc": 0.8092105263157895,
      "f1": 0.7458745874587459,
      "precision": 0.7483443708609272,
      "recall": 0.743421052631579,
      "confusion_matrix": [
        [
          110,
          38
        ],
        [
          39,
          113
        ]
      ]
    },
    {
      "modelo": "xgboost",
      "roc_auc": 0.7724039829302987,
      "f1": 0.7218543046357616,
      "precision": 0.7266666666666667,
      "recall": 0.7171052631578947,
      "confusion_matrix": [
        [
          107,
          41
        ],
        [
          43,
          109
        ]
      ]
    }
  ],
  "melhor_modelo": "random_forest"
}